Category,Avg_Forecast,Budget_Limit,Over_Budget,Delta
Rent,25757.380000000005,20000,True,5757.380000000005
Groceries,13078.160000000002,12000,True,1078.1600000000017
Dining,5457.596666666682,5000,True,457.5966666666818
Utilities,5010.936666666668,5000,True,10.936666666668316
Travel,4916.7,5000,False,-83.30000000000018
Transport,3324.4166666666665,4000,False,-675.5833333333335
Insurance,3458.7733333333404,3500,False,-41.22666666665964
Entertainment,3291.0399999999986,3000,True,291.0399999999986
